classification,Coin,total_pnl,average_pnl,total_trades,win_rate
Extreme Fear,@10,-0.063484,-0.031742,2,0.0
Extreme Fear,@107,-136085.3683,-89.5887875576037,1519,24.753127057274522
Extreme Fear,@13,-0.12379,-0.061895,2,0.0
Extreme Fear,@142,1257.8761650000001,15.529335370370372,81,55.55555555555556
Extreme Fear,@16,-0.060429,-0.0302145,2,0.0
Extreme Fear,@26,-0.25801799999999997,-0.032252249999999996,8,0.0
Extreme Fear,@29,-0.078374,-0.0195935,4,0.0
Extreme Fear,@35,67.028127,33.5140635,2,100.0
Extreme Fear,@38,33.271993,33.271993,1,100.0
Extreme Fear,@39,12.238556,12.238556,1,100.0
Extreme Fear,@4,-1104.856765,-13.8107095625,80,0.0
Extreme Fear,@40,16.748319,16.748319,1,100.0
Extreme Fear,@41,36.73844,36.73844,1,100.0
Extreme Fear,@47,50.313458,25.156729,2,100.0
Extreme Fear,@49,-40.712216999999995,-10.178054249999999,4,0.0
Extreme Fear,@51,0.0,0.0,26,0.0
Extreme Fear,@8,51.56325,1.4323124999999999,36,13.88888888888889
Extreme Fear,AAVE,0.0,0.0,14,0.0
Extreme Fear,ADA,-31317.986797999998,-182.08131859302324,172,0.5813953488372093
Extreme Fear,AI,0.0,0.0,5,0.0
Extreme Fear,AI16Z,1782.014616,99.000812,18,50.0
Extreme Fear,AIXBT,0.0,0.0,18,0.0
Extreme Fear,ANIME,12.67558,4.225193333333333,3,33.33333333333333
Extreme Fear,APE,7.764197,0.7764197,10,30.0
Extreme Fear,APT,0.0,0.0,13,0.0
Extreme Fear,ARB,148.265679,14.8265679,10,80.0
Extreme Fear,AVAX,433.644636,10.324872285714285,42,54.761904761904766
Extreme Fear,BERA,12090.904233,64.31332038829787,188,46.808510638297875
Extreme Fear,BNB,503.31943,22.87815590909091,22,18.181818181818183
Extreme Fear,BTC,3056.840312999999,1.7319208572237954,1765,30.76487252124646
Extreme Fear,DOGE,0.0,0.0,2,0.0
Extreme Fear,DYDX,0.0,0.0,50,0.0
Extreme Fear,ENA,2286.628954,120.34889231578946,19,26.31578947368421
Extreme Fear,ETH,274320.23069,196.92766022254128,1393,55.70710696338838
Extreme Fear,FARTCOIN,-138014.106207,-244.27275434867258,565,9.20353982300885
Extreme Fear,FTT,854.609006,37.156913304347825,23,56.52173913043478
Extreme Fear,GMT,4.634472,1.544824,3,33.33333333333333
Extreme Fear,GMX,622.41079,47.87775307692308,13,46.15384615384615
Extreme Fear,GOAT,44.71729,14.905763333333333,3,33.33333333333333
Extreme Fear,GRASS,1036.457046,15.24201538235294,68,80.88235294117648
Extreme Fear,GRIFFAIN,-378.092427,-94.52310675,4,0.0
Extreme Fear,HYPE,482083.808909,46.904437527631835,10278,39.686709476551854
Extreme Fear,IO,0.07364,0.03682,2,50.0
Extreme Fear,IP,311.5344,25.9612,12,91.66666666666666
Extreme Fear,JELLY,3218.978582,38.78287448192771,83,96.3855421686747
Extreme Fear,JTO,14.451904,4.817301333333334,3,33.33333333333333
Extreme Fear,JUP,17.45184,1.9390933333333333,9,22.22222222222222
Extreme Fear,KAITO,5172.473377,49.26165120952381,105,59.04761904761905
Extreme Fear,LDO,0.0,0.0,4,0.0
Extreme Fear,LINK,0.0,0.0,8,0.0
Extreme Fear,LTC,0.0,0.0,6,0.0
Extreme Fear,MELANIA,97379.167198,218.3389399058296,446,78.47533632286996
Extreme Fear,MKR,47.91373,3.6856715384615386,13,61.53846153846154
Extreme Fear,MORPHO,25.30602,2.530602,10,90.0
Extreme Fear,OM,0.0,0.0,5,0.0
Extreme Fear,ONDO,0.0,0.0,14,0.0
Extreme Fear,OP,18.778959999999998,1.5649133333333332,12,16.666666666666664
Extreme Fear,PAXG,588.9560720000001,1.1548158274509805,510,38.23529411764706
Extreme Fear,PENDLE,-1129.6645899999999,-9.03731672,125,22.400000000000002
Extreme Fear,PENGU,0.0,0.0,3,0.0
Extreme Fear,PNUT,1855.649224,1855.649224,1,100.0
Extreme Fear,POPCAT,0.0,0.0,1,0.0
Extreme Fear,PURR,167.09084399999998,15.190076727272725,11,45.45454545454545
Extreme Fear,PURR/USDC,-4986.899736,-62.336246700000004,80,5.0
Extreme Fear,RENDER,4.36749,0.436749,10,10.0
Extreme Fear,RUNE,3843.26048,65.14000813559322,59,96.61016949152543
Extreme Fear,S,-11474.72,-149.02233766233766,77,0.0
Extreme Fear,SAND,6.80157,0.9716528571428571,7,28.57142857142857
Extreme Fear,SOL,105179.504312,56.00612583173589,1878,31.20340788072418
Extreme Fear,STX,0.0,0.0,28,0.0
Extreme Fear,SUI,44788.991651,179.87546847791162,249,61.044176706827315
Extreme Fear,TAO,0.0,0.0,15,0.0
Extreme Fear,TNSR,0.0,0.0,2,0.0
Extreme Fear,TRUMP,31638.043139999998,174.79581845303866,181,40.88397790055249
Extreme Fear,UNI,20.0475,6.6825,3,33.33333333333333
Extreme Fear,USUAL,-2638.808313,-75.39452322857143,35,14.285714285714285
Extreme Fear,VIRTUAL,1943.08508,29.44068303030303,66,60.60606060606061
Extreme Fear,WIF,0.0,0.0,1,0.0
Extreme Fear,WLD,48.74022,4.874022,10,10.0
Extreme Fear,XRP,-11974.341082000003,-14.746725470443353,812,16.995073891625616
Extreme Fear,YGG,0.0,0.0,1,0.0
Extreme Fear,ZEREBRO,1148.250432,82.017888,14,85.71428571428571
Extreme Fear,ZRO,0.0,0.0,3,0.0
Extreme Fear,kPEPE,2.767205,0.23060041666666667,12,8.333333333333332
Extreme Fear,kSHIB,0.0,0.0,1,0.0
Extreme Greed,@1,495.667559,18.35805774074074,27,40.74074074074074
Extreme Greed,@100,27.627142,6.9067855,4,50.0
Extreme Greed,@103,34.063345,6.812669,5,60.0
Extreme Greed,@107,1988618.873872,191.1582114651543,10403,56.16649043545131
Extreme Greed,@109,2.727753,0.9092509999999999,3,33.33333333333333
Extreme Greed,@112,-66.44923299999999,-13.289846599999999,5,20.0
Extreme Greed,@113,15.495707,5.165235666666667,3,33.33333333333333
Extreme Greed,@116,0.249717,0.083239,3,33.33333333333333
Extreme Greed,@117,0.0,0.0,2,0.0
Extreme Greed,@12,0.0,0.0,2,0.0
Extreme Greed,@123,0.0,0.0,163,0.0
Extreme Greed,@124,-128.603876,-16.0754845,8,0.0
Extreme Greed,@125,474.640081,20.636525260869565,23,30.434782608695656
Extreme Greed,@135,-5981.36399,-5981.36399,1,0.0
Extreme Greed,@2,-0.907946,-0.453973,2,0.0
Extreme Greed,@24,-0.002936,-0.001468,2,0.0
Extreme Greed,@31,33.212273,16.6061365,2,50.0
Extreme Greed,@33,13.566929,4.522309666666667,3,66.66666666666666
Extreme Greed,@36,15.663073,7.8315365,2,50.0
Extreme Greed,@37,288.682161,32.075795666666664,9,44.44444444444444
Extreme Greed,@4,231.793541,5.794838525,40,27.500000000000004
Extreme Greed,@40,-4.598636,-0.656948,7,14.285714285714285
Extreme Greed,@51,-5.320433,-1.33010825,4,0.0
Extreme Greed,@53,32.544379,16.2721895,2,50.0
Extreme Greed,@59,804.909547,57.49353907142857,14,21.428571428571427
Extreme Greed,@68,0.0,0.0,1,0.0
Extreme Greed,@74,371.633249,53.09046414285714,7,71.42857142857143
Extreme Greed,@8,-0.58755,-0.1468875,4,0.0
Extreme Greed,@83,0.0,0.0,27,0.0
Extreme Greed,@85,18968.24494,291.81915292307696,65,40.0
Extreme Greed,@86,0.0,0.0,1,0.0
Extreme Greed,@9,-58.564889,-29.2824445,2,0.0
Extreme Greed,@95,-29.438061,-14.7190305,2,0.0
Extreme Greed,AAVE,9470.997255,40.82326403017242,232,42.241379310344826
Extreme Greed,ACE,2760.71491,110.4285964,25,92.0
Extreme Greed,ADA,1465.555881,5.530399550943396,265,34.71698113207547
Extreme Greed,AI,-1.6382960000000002,-0.27304933333333337,6,50.0
Extreme Greed,AI16Z,2290.981693,9.748858268085106,235,63.829787234042556
Extreme Greed,AIXBT,1261.506036,7.42062374117647,170,51.76470588235295
Extreme Greed,ALGO,14.60512,7.30256,2,100.0
Extreme Greed,ALT,708.6507389999999,13.370768660377356,53,37.735849056603776
Extreme Greed,ANIME,21215.967868,33.46367171608833,634,32.64984227129338
Extreme Greed,APE,5772.692232,20.255060463157896,285,33.33333333333333
Extreme Greed,APT,247.037265,5.1466096875,48,20.833333333333336
Extreme Greed,AR,203.38219999999998,15.644784615384614,13,84.61538461538461
Extreme Greed,ARB,124.514624,4.446950857142857,28,32.142857142857146
Extreme Greed,ARK,26.13828,6.53457,4,100.0
Extreme Greed,ATOM,88.081144,1.1589624210526315,76,44.73684210526316
Extreme Greed,AVAX,140.596871,2.09846076119403,67,59.70149253731343
Extreme Greed,BADGER,0.309638,0.309638,1,100.0
Extreme Greed,BIGTIME,1567.72619,54.05952379310345,29,96.55172413793103
Extreme Greed,BIO,19.87315,2.48414375,8,37.5
Extreme Greed,BLAST,495.331904,9.712390274509804,51,33.33333333333333
Extreme Greed,BLUR,236.564348,6.758981371428571,35,80.0
Extreme Greed,BNB,23.963942,1.9969951666666665,12,41.66666666666667
Extreme Greed,BNT,-17.60528,-1.760528,10,20.0
Extreme Greed,BOME,21.37104,21.37104,1,100.0
Extreme Greed,BRETT,949.793863,7.3061066384615385,130,61.53846153846154
Extreme Greed,BTC,100882.711093,41.4132639954844,2436,33.99014778325123
Extreme Greed,CAKE,428.564024,32.96646338461539,13,92.3076923076923
Extreme Greed,CHILLGUY,4621.293605,26.559158649425285,174,63.2183908045977
Extreme Greed,COMP,1479.9831900000001,17.209106860465116,86,61.627906976744185
Extreme Greed,CYBER,191.5296,191.5296,1,100.0
Extreme Greed,DOGE,20799.015496,42.5337740204499,489,50.715746421267895
Extreme Greed,DOT,84.719249,1.9254374772727274,44,61.36363636363637
Extreme Greed,DYDX,468.514928,13.3861408,35,51.42857142857142
Extreme Greed,DYM,-255.94685099999998,-127.97342549999999,2,50.0
Extreme Greed,EIGEN,296.151372,4.171146084507042,71,29.577464788732392
Extreme Greed,ENA,25229.572745,65.02467202319588,388,23.711340206185564
Extreme Greed,ETC,166.7236,83.3618,2,100.0
Extreme Greed,ETH,-42016.070134999994,-20.75892793231225,2024,25.543478260869566
Extreme Greed,ETHFI,0.0,0.0,59,0.0
Extreme Greed,FARTCOIN,8392.770766,21.30144864467005,394,49.23857868020304
Extreme Greed,FET,146.6026,20.94322857142857,7,85.71428571428571
Extreme Greed,FTM,6945.377243,85.7453980617284,81,72.8395061728395
Extreme Greed,FTT,1600.851353,2.7938068987783597,573,28.62129144851658
Extreme Greed,FXS,28.863186,1.1101225384615385,26,42.30769230769231
Extreme Greed,GALA,145.761452,5.83045808,25,32.0
Extreme Greed,GMT,188.11700399999998,3.617634692307692,52,51.92307692307693
Extreme Greed,GMX,61.855318,1.0851810175438596,57,45.614035087719294
Extreme Greed,GOAT,7971.83595,86.65039076086956,92,64.13043478260869
Extreme Greed,GRASS,85.65644900000001,1.4276074833333334,60,53.333333333333336
Extreme Greed,GRIFFAIN,4240.792641,15.36519072826087,276,78.98550724637681
Extreme Greed,HBAR,1770.23626,9.726572857142857,182,45.05494505494506
Extreme Greed,HPOS,-882.6288569999999,-33.94726373076923,26,61.53846153846154
Extreme Greed,HYPE,159686.556509,28.098989355797993,5683,41.05226112968502
Extreme Greed,ILV,4767.672843,46.74189061764706,102,36.27450980392157
Extreme Greed,IMX,70.2345,1.9509583333333333,36,55.55555555555556
Extreme Greed,INJ,2901.161874,23.02509423809524,126,61.904761904761905
Extreme Greed,IO,-188.251601,-3.3026596666666665,57,21.052631578947366
Extreme Greed,JELLY,5384.218774999999,74.78081631944444,72,95.83333333333334
Extreme Greed,JTO,0.0,0.0,1,0.0
Extreme Greed,JUP,2347.237471,8.725789855018586,269,38.28996282527881
Extreme Greed,LDO,168.892297,2.8148716166666667,60,46.666666666666664
Extreme Greed,LINK,109.90836,0.9901654054054054,111,53.153153153153156
Extreme Greed,LOOM,215.057055,107.5285275,2,100.0
Extreme Greed,LTC,2422.714344,15.237197132075472,159,58.490566037735846
Extreme Greed,MANTA,1303.721216,14.985301333333332,87,47.12643678160919
Extreme Greed,MATIC,915.560676,114.4450845,8,75.0
Extreme Greed,MAVIA,1801.5562400000001,112.59726500000001,16,68.75
Extreme Greed,ME,24.280158,1.01167325,24,8.333333333333332
Extreme Greed,MELANIA,-18726.171999,-70.39914285338345,266,28.195488721804512
Extreme Greed,MEME,3570.798514,50.29293681690141,71,46.478873239436616
Extreme Greed,MEW,28.063128,3.1181253333333334,9,66.66666666666666
Extreme Greed,MNT,-21.057177,-2.632147125,8,12.5
Extreme Greed,MOODENG,16083.882211,165.81321867010308,97,37.11340206185567
Extreme Greed,MORPHO,396.56499299999996,13.2188331,30,66.66666666666666
Extreme Greed,MOVE,11.3683,5.68415,2,100.0
Extreme Greed,MYRO,51.19653,3.9381946153846155,13,92.3076923076923
Extreme Greed,NEAR,12881.069498,68.88272458823529,187,90.9090909090909
Extreme Greed,NEIROETH,34.161578,34.161578,1,100.0
Extreme Greed,NTRN,316.13639,15.8068195,20,65.0
Extreme Greed,ONDO,6754.784711,22.29301884818482,303,83.82838283828383
Extreme Greed,OP,2408.498068,36.49239496969697,66,87.87878787878788
Extreme Greed,ORDI,35.897842,1.4359136799999999,25,36.0
Extreme Greed,PENDLE,1094.912296,10.045066935779817,109,61.46788990825688
Extreme Greed,PENGU,1341.682675,4.166716381987578,322,30.124223602484474
Extreme Greed,PEOPLE,360.646005,360.646005,1,100.0
Extreme Greed,PIXEL,311.2,19.45,16,93.75
Extreme Greed,PNUT,2512.6175749999998,31.4077196875,80,68.75
Extreme Greed,POLYX,618.133683,44.15240592857143,14,92.85714285714286
Extreme Greed,POPCAT,44.572378,3.183741285714286,14,28.57142857142857
Extreme Greed,PURR,18075.567600000002,31.490535888501746,574,76.13240418118467
Extreme Greed,PURR/USDC,77506.588413,52.369316495270276,1480,47.0945945945946
Extreme Greed,PYTH,111.878376,18.646396,6,50.0
Extreme Greed,RENDER,3966.776664,25.926644862745096,153,53.59477124183007
Extreme Greed,RNDR,3833.690372,75.1703994509804,51,92.15686274509804
Extreme Greed,RSR,5.303512,0.8839186666666666,6,50.0
Extreme Greed,RUNE,1042.127844,14.27572389041096,73,50.68493150684932
Extreme Greed,SAND,1128.957861,11.638740835051548,97,23.711340206185564
Extreme Greed,SCR,1612.97536,50.40548,32,65.625
Extreme Greed,SEI,0.00345,0.0008625,4,25.0
Extreme Greed,SOL,37715.928639,19.71559259749085,1913,25.614218504966026
Extreme Greed,SPX,65.39521,2.422044814814815,27,55.55555555555556
Extreme Greed,STRK,86.688835,3.0960298214285715,28,67.85714285714286
Extreme Greed,STX,1535.891106,21.03960419178082,73,69.86301369863014
Extreme Greed,SUI,23252.772656,52.9675914715262,439,49.202733485193626
Extreme Greed,SUPER,20.992058,20.992058,1,100.0
Extreme Greed,SUSHI,320.483655,4.056755126582279,79,30.37974683544304
Extreme Greed,TAO,2468.014121,26.25546937234043,94,78.72340425531915
Extreme Greed,TIA,2465.9334949999998,16.012555162337662,154,47.4025974025974
Extreme Greed,TNSR,1845.5877580000001,4.591014323383085,402,32.83582089552239
Extreme Greed,TON,-0.15074600000000027,-0.00655417391304349,23,17.391304347826086
Extreme Greed,TRUMP,-2589.7278620000006,-5.754950804444446,450,34.88888888888889
Extreme Greed,TRX,670.1615039999999,8.377018799999998,80,13.750000000000002
Extreme Greed,TURBO,7623.480459,155.58123385714288,49,55.10204081632652
Extreme Greed,UNI,-39.785359,-2.0939662631578946,19,15.789473684210526
Extreme Greed,USTC,13.354154999999999,0.29030771739130434,46,43.47826086956522
Extreme Greed,USUAL,6464.589204,27.508890229787234,235,61.702127659574465
Extreme Greed,VINE,4.9096079999999995,0.9819216,5,20.0
Extreme Greed,VIRTUAL,16012.935511,72.13034013963964,222,77.92792792792793
Extreme Greed,W,294.885312,0.904556171779141,326,34.04907975460122
Extreme Greed,WIF,11462.282016,72.089824,159,89.937106918239
Extreme Greed,WLD,16762.504226,26.607149565079368,630,42.22222222222222
Extreme Greed,XAI,1074.213807,134.276725875,8,75.0
Extreme Greed,XRP,-51.90063300000001,-0.09942650000000003,522,32.95019157088122
Extreme Greed,YGG,30.012384,6.0024768,5,60.0
Extreme Greed,ZEREBRO,9642.264996,55.41531606896552,174,87.93103448275862
Extreme Greed,ZETA,2472.6162209999998,15.749147904458598,157,97.45222929936305
Extreme Greed,ZK,98.011093,1.96022186,50,57.99999999999999
Extreme Greed,ZRO,359.03149,44.87893625,8,87.5
Extreme Greed,kBONK,36700.494102,50.27464945479451,730,69.58904109589041
Extreme Greed,kFLOKI,1556.721213,50.21681332258065,31,58.06451612903226
Extreme Greed,kPEPE,20930.683155,22.337975618996797,937,40.981856990394874
Extreme Greed,kSHIB,264.9663,8.83221,30,33.33333333333333
Fear,@1,0.0,0.0,1,0.0
Fear,@10,0.0,0.0,1,0.0
Fear,@107,-12514.843273999999,-2.2912565496155253,5462,41.43170999633834
Fear,@109,0.0,0.0,3,0.0
Fear,@11,0.0,0.0,1,0.0
Fear,@13,0.0,0.0,1,0.0
Fear,@138,31.42038,15.71019,2,100.0
Fear,@14,0.0,0.0,17,0.0
Fear,@142,461.1217320000001,1.8444869280000005,250,22.0
Fear,@15,0.0,0.0,2,0.0
Fear,@151,-44.712482,-1.4904160666666668,30,26.666666666666668
Fear,@152,0.599998,0.006818159090909091,88,100.0
Fear,@153,0.577077,0.020609892857142854,28,100.0
Fear,@16,0.0,0.0,1,0.0
Fear,@20,0.0,0.0,14,0.0
Fear,@23,0.0,0.0,9,0.0
Fear,@26,0.0,0.0,1,0.0
Fear,@28,0.0,0.0,1,0.0
Fear,@29,0.0,0.0,1,0.0
Fear,@3,0.0,0.0,11,0.0
Fear,@30,0.0,0.0,1,0.0
Fear,@35,0.0,0.0,1,0.0
Fear,@37,0.0,0.0,1,0.0
Fear,@38,0.0,0.0,2,0.0
Fear,@39,0.0,0.0,1,0.0
Fear,@4,1630.965841,6.795691004166667,240,29.583333333333332
Fear,@40,0.0,0.0,1,0.0
Fear,@41,0.0,0.0,2,0.0
Fear,@44,0.0,0.0,1,0.0
Fear,@45,0.0,0.0,1,0.0
Fear,@46,0.0,0.0,3,0.0
Fear,@47,0.0,0.0,1,0.0
Fear,@48,0.0,0.0,1,0.0
Fear,@49,0.0,0.0,1,0.0
Fear,@51,-288.283113,-3.793198855263158,76,0.0
Fear,@53,0.0,0.0,1,0.0
Fear,@59,0.0,0.0,14,0.0
Fear,@61,0.0,0.0,1,0.0
Fear,@78,0.0,0.0,3,0.0
Fear,@8,111.74482900000001,0.8465517348484849,132,3.787878787878788
Fear,@85,0.0,0.0,30,0.0
Fear,AAVE,3163.387833,21.9679710625,144,36.80555555555556
Fear,ADA,1700.115697,14.167630808333334,120,45.83333333333333
Fear,AI,37.269836,1.8634917999999998,20,75.0
Fear,AI16Z,1957.792621,50.199810794871794,39,41.02564102564102
Fear,AIXBT,10367.247059,76.79442265925925,135,57.03703703703704
Fear,ALT,1040.606145,18.256248157894735,57,71.9298245614035
Fear,ANIME,47.24989,5.249987777777778,9,44.44444444444444
Fear,APE,195.568863,3.555797509090909,55,32.72727272727273
Fear,APT,1496.438346,31.175798874999998,48,43.75
Fear,ARB,8768.017658,797.0925143636364,11,18.181818181818183
Fear,ARK,27.146758000000002,0.9695270714285715,28,50.0
Fear,AVAX,186.450938,7.45803752,25,36.0
Fear,BABY,98.7298,32.909933333333335,3,66.66666666666666
Fear,BERA,-27.646403999999986,-0.08131295294117644,340,15.88235294117647
Fear,BLUR,31.847859999999997,6.369572,5,40.0
Fear,BNB,-737.08169,-10.237245694444445,72,34.72222222222222
Fear,BTC,482649.644056,48.90067315663627,9870,38.551165146909824
Fear,CHILLGUY,27.087155,9.029051666666666,3,66.66666666666666
Fear,COMP,1334.414834,148.26831488888888,9,44.44444444444444
Fear,CRV,-50.098479,-0.40078783199999996,125,36.0
Fear,DOGE,7907.371107,658.94759225,12,50.0
Fear,DYDX,50.085345000000004,1.0434446875,48,12.5
Fear,EIGEN,13303.436002999999,295.63191117777774,45,95.55555555555556
Fear,ENA,160316.233716,830.6540607046632,193,47.66839378238342
Fear,ETH,675064.576785,236.86476378421054,2850,41.68421052631579
Fear,ETHFI,10801.336599,138.47867434615384,78,50.0
Fear,FARTCOIN,-10811.779569,-11.368853384858044,951,32.07150368033649
Fear,FET,17.0533,8.52665,2,50.0
Fear,FTT,1253.444307,26.669027808510638,47,40.42553191489361
Fear,GALA,18.788724,9.394362,2,50.0
Fear,GMT,119.500423,4.78001692,25,40.0
Fear,GRASS,28.953272,1.5238564210526315,19,36.84210526315789
Fear,GRIFFAIN,1910.409221,18.194373533333334,105,62.857142857142854
Fear,HYPE,840306.353176,30.06355240155987,27951,43.4331508711674
Fear,IO,0.0,0.0,3,0.0
Fear,IP,1774.5243839999998,5.344952963855421,332,49.39759036144578
Fear,JELLY,12382.990255,26.861150227765727,461,78.74186550976138
Fear,JTO,22.476,5.619,4,25.0
Fear,JUP,-2824.07741,-42.15040910447761,67,49.25373134328358
Fear,KAITO,-14900.55358,-97.38923908496731,153,0.6535947712418301
Fear,LAYER,13189.0,88.51677852348993,149,8.724832214765101
Fear,LDO,36.630072,2.4420048,15,40.0
Fear,LINK,3813.926135,57.78675962121213,66,40.909090909090914
Fear,LTC,3164.3138000000004,316.43138000000005,10,80.0
Fear,MAVIA,3204.974292,40.06217865,80,87.5
Fear,ME,13858.127604000001,76.98959780000001,180,71.66666666666667
Fear,MELANIA,196849.124287,99.16832457783376,1985,29.82367758186398
Fear,MEME,-115.671181,-8.262227214285714,14,14.285714285714285
Fear,MKR,1333.4571,53.338284,25,96.0
Fear,MOODENG,8.497446,4.248723,2,50.0
Fear,MOVE,2656.591555,31.254018294117646,85,94.11764705882352
Fear,OM,106.321217,4.2528486800000005,25,64.0
Fear,ONDO,6759.386169,12.850544047528517,526,40.3041825095057
Fear,OP,5562.348608,95.90256220689656,58,44.827586206896555
Fear,PAXG,-240.48984000000002,-0.46070850574712646,522,2.2988505747126435
Fear,PENDLE,4171.514997,12.718033527439026,328,55.1829268292683
Fear,PENGU,-2343.760791,-16.98377384782609,138,14.492753623188406
Fear,POPCAT,1887.9196800000002,16.560698947368422,114,21.929824561403507
Fear,PROMPT,488.15346999999997,6.179157848101266,79,46.835443037974684
Fear,PURR,4186.331753,25.8415540308642,162,75.30864197530865
Fear,PURR/USDC,44.355076999999994,0.2534575828571428,175,8.0
Fear,PYTH,0.0,0.0,11,0.0
Fear,RENDER,2031.170722,41.45246371428571,49,61.224489795918366
Fear,REQ,4.947336,0.2603861052631579,19,68.42105263157895
Fear,REZ,163.08528,5.824474285714286,28,50.0
Fear,RSR,160.127816,6.158762153846154,26,73.07692307692307
Fear,RUNE,2.5769399999999996,0.8589799999999999,3,66.66666666666666
Fear,S,2832.0791200000003,44.95363682539683,63,58.730158730158735
Fear,SAND,414.817137,10.916240447368422,38,42.10526315789473
Fear,SEI,8356.0,835.6,10,50.0
Fear,SOL,741594.285928,189.47222430454778,3914,50.02554931016863
Fear,SPX,2057.209938,146.943567,14,92.85714285714286
Fear,SUI,26130.152572,82.17029110691824,318,33.9622641509434
Fear,TAO,12235.525408,81.02996958940398,151,55.62913907284768
Fear,TIA,8136.9878499999995,239.3231720588235,34,67.64705882352942
Fear,TNSR,87.77524299999999,4.38876215,20,30.0
Fear,TRUMP,18920.459616,42.80646971945701,442,28.28054298642534
Fear,UNI,28.81502,9.605006666666666,3,66.66666666666666
Fear,USUAL,45893.103342,488.2245036382979,94,53.191489361702125
Fear,VINE,882.309695,6.487571286764706,136,80.88235294117648
Fear,VIRTUAL,3729.922474,67.81677225454546,55,80.0
Fear,VVV,1001.414371,34.531530034482756,29,93.10344827586206
Fear,W,54.734555,27.3672775,2,50.0
Fear,WCT,1531.72532,32.589900425531916,47,55.319148936170215
Fear,WIF,-3326.846599,-237.6318999285714,14,14.285714285714285
Fear,WLD,1372.981827,15.255353633333334,90,36.666666666666664
Fear,XRP,14977.157366,55.88491554477612,268,70.52238805970148
Fear,YGG,986.0408600000001,54.78004777777778,18,77.77777777777779
Fear,ZEREBRO,800.459267,12.70570265079365,63,92.06349206349206
Fear,ZRO,3430.864626,67.2718554117647,51,78.43137254901961
Fear,kBONK,742.104985,24.736832833333334,30,70.0
Fear,kPEPE,4844.856091,31.460104487012984,154,40.25974025974026
Fear,kSHIB,13.644264,13.644264,1,100.0
Greed,@1,1.078679000000001,0.1797798333333335,6,33.33333333333333
Greed,@10,0.0,0.0,1,0.0
Greed,@103,4.494691,2.2473455,2,50.0
Greed,@107,724342.30586,86.25176302214813,8398,45.891879018814
Greed,@109,5410.846174,416.2189364615385,13,92.3076923076923
Greed,@112,14.334509,7.1672545,2,50.0
Greed,@113,1.430513,0.7152565,2,50.0
Greed,@114,1.309077,0.6545385,2,50.0
Greed,@116,1.473232,0.736616,2,50.0
Greed,@117,4.631689,2.3158445,2,50.0
Greed,@12,0.0,0.0,1,0.0
Greed,@125,-104.37551400000001,-17.395919000000003,6,33.33333333333333
Greed,@142,1115.493744,1.6774342015037595,665,13.082706766917292
Greed,@147,-350.632694,-70.1265388,5,0.0
Greed,@151,11628.555251,39.960670965635735,291,99.3127147766323
Greed,@153,34.63999,0.47452041095890407,73,100.0
Greed,@16,0.0,0.0,1,0.0
Greed,@17,0.0,0.0,1,0.0
Greed,@18,0.0,0.0,1,0.0
Greed,@19,0.0,0.0,2,0.0
Greed,@2,0.0,0.0,3,0.0
Greed,@20,0.0,0.0,4,0.0
Greed,@21,0.0,0.0,1,0.0
Greed,@23,0.0,0.0,12,0.0
Greed,@24,0.0,0.0,1,0.0
Greed,@25,0.0,0.0,1,0.0
Greed,@26,0.0,0.0,1,0.0
Greed,@29,0.0,0.0,1,0.0
Greed,@31,0.0,0.0,1,0.0
Greed,@32,0.0,0.0,1,0.0
Greed,@33,0.0,0.0,1,0.0
Greed,@34,0.0,0.0,2,0.0
Greed,@35,0.0,0.0,1,0.0
Greed,@36,0.0,0.0,1,0.0
Greed,@37,10.17704,3.3923466666666666,3,33.33333333333333
Greed,@4,0.0,0.0,262,0.0
Greed,@41,0.0,0.0,1,0.0
Greed,@44,0.0,0.0,1,0.0
Greed,@47,0.0,0.0,1,0.0
Greed,@51,-37.27303,-2.070723888888889,18,0.0
Greed,@53,35.320328,35.320328,1,100.0
Greed,@59,1752.19606,159.2905509090909,11,45.45454545454545
Greed,@6,0.0,0.0,1,0.0
Greed,@63,-20.663546,-10.331773,2,0.0
Greed,@7,0.0,0.0,1,0.0
Greed,@78,0.0,0.0,4,0.0
Greed,@8,0.0,0.0,28,0.0
Greed,@83,-42.843649,-7.1406081666666665,6,0.0
Greed,@85,7537.895069,279.18129885185186,27,62.96296296296296
Greed,@93,15.954796,7.977398,2,50.0
Greed,AAVE,478.609638,3.370490408450704,142,24.647887323943664
Greed,ADA,18.95475,1.723159090909091,11,27.27272727272727
Greed,AI,59.194616,3.482036235294118,17,58.82352941176471
Greed,AI16Z,3114.182332,23.24016665671642,134,58.95522388059702
Greed,AIXBT,40092.549106,125.28921595624999,320,53.75
Greed,ALGO,-0.2484,-0.0621,4,0.0
Greed,ALT,1797.45392,24.289917837837837,74,70.27027027027027
Greed,ANIME,120.29581200000001,30.073953000000003,4,50.0
Greed,APE,3618.60491,11.942590462046205,303,30.033003300330037
Greed,APT,0.0,0.0,4,0.0
Greed,ARB,511.345086,6.160784168674699,83,24.096385542168676
Greed,ARK,-26.09575,-6.5239375,4,0.0
Greed,ATOM,0.0,0.0,2,0.0
Greed,AVAX,12096.549815,262.96847423913044,46,17.391304347826086
Greed,BADGER,1439.423595,7.615997857142857,189,32.27513227513227
Greed,BANANA,-81.48518800000001,-11.640741142857143,7,0.0
Greed,BERA,83243.565498,202.04748907281552,412,88.10679611650485
Greed,BIGTIME,272.01318000000003,12.953008571428573,21,19.047619047619047
Greed,BIO,1278.639104,7.892833975308642,162,79.01234567901234
Greed,BLAST,135.989017,19.427002428571427,7,57.14285714285714
Greed,BLUR,3057.18593,89.91723323529412,34,76.47058823529412
Greed,BNB,6.476289999999996,0.20891258064516116,31,38.70967741935484
Greed,BOME,0.0,0.0,4,0.0
Greed,BRETT,5.6384,0.4027428571428571,14,7.142857142857142
Greed,BTC,115475.191549,15.949612092403314,7240,33.2182320441989
Greed,CAKE,0.0,0.0,4,0.0
Greed,CANTO,-188.49813000000003,-18.849813000000005,10,0.0
Greed,CHILLGUY,17.544985999999998,0.6049995172413792,29,13.793103448275861
Greed,CRV,-1199.624026,-92.27877123076922,13,0.0
Greed,CYBER,0.0,0.0,1,0.0
Greed,DOGE,3027.3036439999996,10.659519873239436,284,46.478873239436616
Greed,DOT,99.633834,3.9853533599999995,25,56.00000000000001
Greed,DYDX,1.644956,0.27415933333333337,6,33.33333333333333
Greed,DYM,373.07007,24.871337999999998,15,20.0
Greed,EIGEN,8947.754034,45.42007123857868,197,10.65989847715736
Greed,ENA,33865.081319,92.78104470958904,365,30.684931506849317
Greed,ENS,-7.121359999999999,-1.7803399999999998,4,0.0
Greed,ETC,0.0,0.0,1,0.0
Greed,ETH,351036.01291399996,98.21936567263569,3574,25.937325125909343
Greed,ETHFI,30454.400091,219.0964035323741,139,50.35971223021583
Greed,FARTCOIN,41367.714132,18.718422684162896,2210,39.90950226244344
Greed,FET,65.5095,1.6377375,40,37.5
Greed,FIL,-35.27859,-7.055718000000001,5,0.0
Greed,FTM,-29.215368,-9.738456000000001,3,0.0
Greed,FTT,2282.892387,2.7274699964157705,837,36.32019115890084
Greed,FXS,-150.792898,-2.0105719733333336,75,28.000000000000004
Greed,GALA,6.486417,0.5896742727272728,11,9.090909090909092
Greed,GMT,4.930490000000001,0.23478523809523813,21,28.57142857142857
Greed,GMX,0.0,0.0,36,0.0
Greed,GOAT,110.86860000000001,13.858575000000002,8,25.0
Greed,GRASS,81.550604,1.6642980408163266,49,26.53061224489796
Greed,GRIFFAIN,1928.745973,16.207949352941178,119,88.23529411764706
Greed,HBAR,130.418054,2.3712373454545457,55,41.81818181818181
Greed,HPOS,2744.068817,31.182600193181816,88,40.909090909090914
Greed,HYPE,166307.640065,24.569011680455016,6769,37.15467572758162
Greed,HYPER,874.4737,28.208829032258066,31,93.54838709677419
Greed,ILV,541.473982,9.66917825,56,48.214285714285715
Greed,IMX,465.67249999999996,29.104531249999997,16,62.5
Greed,INIT,364.5007,11.758087096774194,31,48.38709677419355
Greed,INJ,3018.616524,94.331766375,32,71.875
Greed,IO,-21747.847017,-77.39447337010677,281,12.811387900355871
Greed,IOTA,-2.454844,-0.350692,7,0.0
Greed,JELLY,10668.04374,78.44149808823529,136,86.02941176470588
Greed,JTO,8487.932974,103.51137773170731,82,35.36585365853659
Greed,JUP,43234.079594,150.11833192361112,288,52.77777777777778
Greed,KAITO,113.068789,0.8437969328358209,134,10.44776119402985
Greed,LAYER,0.0,0.0,186,0.0
Greed,LDO,15.493535999999999,0.7377874285714285,21,19.047619047619047
Greed,LINK,487.77298,3.7234578625954198,131,32.82442748091603
Greed,LTC,22.68381,1.7449084615384616,13,61.53846153846154
Greed,MANTA,179.92768999999998,19.991965555555552,9,44.44444444444444
Greed,MATIC,-246.629659,-8.220988633333333,30,13.333333333333334
Greed,MAVIA,1855.514424,26.507348914285714,70,97.14285714285714
Greed,ME,5407.838932,35.11583722077922,154,15.584415584415584
Greed,MELANIA,73550.500324,59.74857865475223,1231,69.04955320877335
Greed,MEME,839.063101,46.61461672222222,18,66.66666666666666
Greed,MERL,-3.17364,-1.58682,2,0.0
Greed,MEW,0.0,0.0,2,0.0
Greed,MINA,198.7045,24.8380625,8,87.5
Greed,MKR,5.263168,0.2392349090909091,22,9.090909090909092
Greed,MOODENG,68.127641,11.354606833333333,6,16.666666666666664
Greed,MOVE,-105.56743700000001,-3.518914566666667,30,20.0
Greed,MYRO,0.0,0.0,1,0.0
Greed,NEAR,1073.254531,31.56630973529412,34,85.29411764705883
Greed,NEIROETH,0.0,0.0,1,0.0
Greed,NTRN,1098.313553,15.254354902777777,72,58.333333333333336
Greed,ONDO,9830.81453,53.139537999999995,185,67.02702702702703
Greed,OP,6.306648,0.5733316363636364,11,9.090909090909092
Greed,ORDI,63.69578,4.549698571428571,14,71.42857142857143
Greed,PENDLE,1328.211087,3.5418962319999996,375,33.86666666666667
Greed,PENGU,5020.278249,13.90658794736842,361,52.07756232686981
Greed,PIXEL,94.69460000000001,13.527800000000001,7,14.285714285714285
Greed,PNUT,9491.958606,19.17567395151515,495,81.21212121212122
Greed,POPCAT,-9816.412248,-17.81563021415608,551,9.618874773139746
Greed,PROMPT,1985.161667,55.14337963888889,36,94.44444444444444
Greed,PURR,3314.362879,10.521786917460316,315,47.61904761904761
Greed,PURR/USDC,14983.976218,17.628207315294116,850,31.88235294117647
Greed,PYTH,1118.5681419999999,19.28565762068965,58,27.586206896551722
Greed,RENDER,82.31715,4.332481578947369,19,42.10526315789473
Greed,RLB,75.947736,37.973868,2,100.0
Greed,RNDR,9732.632186,77.861057488,125,79.2
Greed,RUNE,1328.8252109999999,7.301237423076922,182,47.8021978021978
Greed,SAND,573.822965,12.208999255319148,47,27.659574468085108
Greed,SEI,-922.781714,-13.182595914285713,70,31.428571428571427
Greed,SHIA,273.568643,91.18954766666667,3,100.0
Greed,SOL,451690.01397699997,284.7982433650693,1586,28.688524590163933
Greed,SPX,3490.225951,71.22910104081632,49,85.71428571428571
Greed,STG,179.54376000000002,25.649108571428574,7,71.42857142857143
Greed,STRK,-1608.81,-89.37833333333333,18,0.0
Greed,STX,47.994885999999994,23.997442999999997,2,100.0
Greed,SUI,101637.557765,115.49722473295455,880,33.52272727272727
Greed,SUPER,7.091044,1.0130062857142856,7,14.285714285714285
Greed,SUSHI,278.313568,13.253027047619046,21,33.33333333333333
Greed,TAO,2374.233545,3.2258607948369566,736,55.97826086956522
Greed,TIA,4921.6745470000005,42.42822885344828,116,30.17241379310345
Greed,TNSR,2974.547001,12.240934160493827,243,52.674897119341566
Greed,TON,-17.947964,-2.563994857142857,7,0.0
Greed,TRUMP,-432914.836315,-848.8526202254902,510,28.627450980392155
Greed,TST,-177.198923,-2.6447600447761195,67,4.477611940298507
Greed,TURBO,916.649485,26.960278970588234,34,79.41176470588235
Greed,UNI,313.182412,11.599348592592593,27,22.22222222222222
Greed,UNIBOT,325.055769,81.26394225,4,50.0
Greed,USTC,259.617366,129.808683,2,50.0
Greed,USUAL,19215.983896,87.34538134545456,220,53.18181818181819
Greed,VINE,44.167294,0.4461342828282828,99,19.19191919191919
Greed,VIRTUAL,-2174.803249,-10.50629588888889,207,25.60386473429952
Greed,VVV,556.482105,42.80631576923077,13,92.3076923076923
Greed,W,1218.404228,4.686170107692308,260,33.84615384615385
Greed,WIF,743.307147,7.508153,99,26.262626262626267
Greed,WLD,8147.2458050000005,7.571789781598514,1076,34.014869888475836
Greed,XRP,768.393924,4.573773357142857,168,42.26190476190476
Greed,YGG,7.876652,0.7160592727272728,11,18.181818181818183
Greed,ZEN,-1475.390707,-49.17969023333333,30,26.666666666666668
Greed,ZEREBRO,6155.199495,28.364974631336406,217,78.80184331797236
Greed,ZETA,2163.86907,27.39074772151899,79,92.40506329113924
Greed,ZK,1.6456,0.27426666666666666,6,16.666666666666664
Greed,ZORA,6816.51283,44.84547914473684,152,63.81578947368421
Greed,ZRO,143815.507053,124.83984987239585,1152,33.24652777777778
Greed,kBONK,-2021.400269,-2.7242591226415094,742,7.816711590296496
Greed,kFLOKI,46.630962,15.543653999999998,3,33.33333333333333
Greed,kNEIRO,8.159745000000001,2.0399362500000002,4,50.0
Greed,kPEPE,-6949.144929,-14.880395993576018,467,8.993576017130621
Greed,kSHIB,0.0,0.0,3,0.0
Neutral,@107,219551.950858,52.15010709216152,4210,40.09501187648456
Neutral,@109,0.510213,0.510213,1,100.0
Neutral,@138,19.530304,9.765152,2,100.0
Neutral,@142,4615.868031,14.747182207667732,313,27.15654952076677
Neutral,@151,0.0,0.0,3,0.0
Neutral,@153,0.0,0.0,1,0.0
Neutral,@20,4.738087999999999,0.22562323809523807,21,9.523809523809524
Neutral,@23,0.0,0.0,13,0.0
Neutral,@28,0.0,0.0,1,0.0
Neutral,@3,0.462514,0.03854283333333333,12,16.666666666666664
Neutral,@38,0.0,0.0,6,0.0
Neutral,@4,-853.866594,-3.246641041825095,263,2.6615969581749046
Neutral,@41,0.0,0.0,1,0.0
Neutral,@42,0.0,0.0,1,0.0
Neutral,@44,0.0,0.0,1,0.0
Neutral,@51,0.0,0.0,96,0.0
Neutral,@59,0.0,0.0,7,0.0
Neutral,@74,0.0,0.0,2,0.0
Neutral,@78,0.0,0.0,8,0.0
Neutral,@8,0.0,0.0,76,0.0
Neutral,@83,-1044.789706,-348.26323533333334,3,0.0
Neutral,@85,0.0,0.0,10,0.0
Neutral,@9,0.0,0.0,1,0.0
Neutral,AAVE,-5627.986742,-106.18842909433963,53,5.660377358490567
Neutral,ADA,19.898500000000002,1.5306538461538464,13,38.46153846153847
Neutral,AI,0.0,0.0,3,0.0
Neutral,AI16Z,-1120.618594,-9.829987666666668,114,33.33333333333333
Neutral,AIXBT,21990.866694,124.94810621590909,176,78.97727272727273
Neutral,ALGO,4.0068,4.0068,1,100.0
Neutral,ALT,2323.99174,35.753719076923076,65,75.38461538461539
Neutral,ANIME,-78.931119,-7.893111899999999,10,10.0
Neutral,APE,136.779738,3.5071727692307695,39,61.53846153846154
Neutral,APT,5.714354,5.714354,1,100.0
Neutral,ARB,82.437013,5.4958008666666665,15,26.666666666666668
Neutral,ATOM,0.15312,0.15312,1,100.0
Neutral,AVAX,35440.071585,1610.9123447727272,22,95.45454545454545
Neutral,BANANA,0.0,0.0,1,0.0
Neutral,BERA,-21617.07674,-189.6234801754386,114,34.21052631578947
Neutral,BIGTIME,-1.1952,-1.1952,1,0.0
Neutral,BLAST,1.065303,1.065303,1,100.0
Neutral,BLUR,27.531007,6.88275175,4,75.0
Neutral,BNB,506.52299999999997,26.659105263157894,19,73.68421052631578
Neutral,BOME,-9.122938,-3.040979333333333,3,33.33333333333333
Neutral,BRETT,2.8551,2.8551,1,100.0
Neutral,BTC,165980.345627,34.92117517925521,4753,32.88449400378708
Neutral,CAKE,594.282727,14.494700658536585,41,21.951219512195124
Neutral,CHILLGUY,61.86884,6.8743155555555555,9,44.44444444444444
Neutral,DOGE,115809.466287,2969.4734945384616,39,41.02564102564102
Neutral,DOT,9.13481,1.826962,5,40.0
Neutral,DYDX,18.919256,1.5766046666666667,12,25.0
Neutral,DYM,5.768124,2.884062,2,100.0
Neutral,EIGEN,11.516813,1.046983,11,9.090909090909092
Neutral,ENA,-4368.01318,-174.7205272,25,36.0
Neutral,ETC,38.32488,19.16244,2,50.0
Neutral,ETH,61574.088597999995,46.75329430372057,1317,46.16552771450266
Neutral,ETHFI,2673.269384,76.37912525714286,35,42.857142857142854
Neutral,FARTCOIN,-1621.812307,-3.060023220754717,530,17.735849056603772
Neutral,FTM,0.004343,0.0008686,5,20.0
Neutral,FTT,917.566714,11.469583925,80,43.75
Neutral,GALA,13.101431,4.367143666666666,3,66.66666666666666
Neutral,GAS,60.6139,30.30695,2,50.0
Neutral,GMT,11.447352,3.8157840000000003,3,66.66666666666666
Neutral,GMX,15.167606,1.0834004285714285,14,50.0
Neutral,GOAT,15.5193,15.5193,1,100.0
Neutral,GRASS,20.655617999999997,4.1311236,5,40.0
Neutral,GRIFFAIN,-609.7154129999999,-10.51233470689655,58,20.689655172413794
Neutral,HBAR,8.85375,8.85375,1,100.0
Neutral,HPOS,117.89757,10.717960909090909,11,18.181818181818183
Neutral,HYPE,300100.241102,17.32280311140614,17324,41.30108519972293
Neutral,ILV,-0.04207,-0.04207,1,0.0
Neutral,IMX,4.30904,4.30904,1,100.0
Neutral,IO,42.11446,4.679384444444445,9,100.0
Neutral,IP,957.22932,7.65783456,125,64.0
Neutral,JELLY,3539.484892,14.747853716666667,240,72.5
Neutral,JTO,-1116.809707,-25.382038795454545,44,63.63636363636363
Neutral,JUP,134.531822,12.230165636363637,11,45.45454545454545
Neutral,KAITO,879.870453,20.462103558139535,43,62.7906976744186
Neutral,LAYER,7307.4351,51.100944755244754,143,35.66433566433567
Neutral,LDO,85.906066,9.545118444444444,9,88.88888888888889
Neutral,LINK,189.49091900000002,4.858741512820513,39,56.41025641025641
Neutral,LISTA,4.46974,2.23487,2,50.0
Neutral,LOOM,0.0,0.0,3,0.0
Neutral,LTC,16.43157,5.47719,3,100.0
Neutral,MAV,0.0189,0.00945,2,50.0
Neutral,MAVIA,1395.255089,10.57011431060606,132,65.15151515151516
Neutral,ME,-3278.346756,-25.218051969230768,130,12.307692307692308
Neutral,MELANIA,41298.450046,82.596900092,500,19.8
Neutral,MEME,163.009986,40.7524965,4,75.0
Neutral,MEW,4.398952,4.398952,1,100.0
Neutral,MKR,29.645515,0.8470147142857143,35,45.714285714285715
Neutral,MOODENG,6.84105,3.420525,2,100.0
Neutral,MOVE,0.5021180000000001,0.10042360000000002,5,60.0
Neutral,MYRO,2.28114,2.28114,1,100.0
Neutral,NEAR,3.2119500000000003,1.6059750000000002,2,100.0
Neutral,NIL,-3175.273635,-14.049883340707964,226,7.52212389380531
Neutral,NTRN,187.309212,26.75845885714286,7,57.14285714285714
Neutral,OGN,1752.668422,6.793288457364341,258,99.6124031007752
Neutral,OM,-881.40554,-67.80042615384615,13,69.23076923076923
Neutral,ONDO,1225.839495,2.8180218275862066,435,27.35632183908046
Neutral,OP,82.364683,3.167872423076923,26,26.923076923076923
Neutral,PAXG,-19037.340561,-81.70532429613735,233,0.0
Neutral,PENDLE,2247.635948,9.858052403508772,228,54.824561403508774
Neutral,PENGU,1199.141133,11.642146922330097,103,73.7864077669903
Neutral,PEOPLE,0.0,0.0,1,0.0
Neutral,PNUT,984.738976,98.4738976,10,10.0
Neutral,POPCAT,-38.261680999999925,-0.08106288347457612,472,18.64406779661017
Neutral,PROMPT,-95.33896,-9.533896,10,0.0
Neutral,PURR,1023.002126,7.522074455882353,136,75.0
Neutral,PURR/USDC,-12286.961953,-65.0103807037037,189,1.5873015873015872
Neutral,PYTH,593.672754,8.022604783783784,74,44.5945945945946
Neutral,RENDER,15.62623,5.2087433333333335,3,66.66666666666666
Neutral,RLB,0.0,0.0,2,0.0
Neutral,RUNE,27.598647999999997,5.5197296,5,20.0
Neutral,S,-2.204838,-0.5512095,4,0.0
Neutral,SAND,89.03839400000001,5.564899625000001,16,50.0
Neutral,SEI,2524.55573,16.7189121192053,151,78.80794701986756
Neutral,SHIA,0.0,0.0,2,0.0
Neutral,SOL,303376.19465,216.69728189285715,1400,52.142857142857146
Neutral,STRK,4.74515,2.372575,2,100.0
Neutral,STX,0.0,0.0,25,0.0
Neutral,SUI,3459.360278,37.19742234408602,93,73.11827956989248
Neutral,SUPER,7.114800000000001,3.5574000000000003,2,100.0
Neutral,SUSHI,6.644702,1.1074503333333332,6,50.0
Neutral,TAO,-259.832604,-3.0213093488372094,86,27.906976744186046
Neutral,TIA,-2503.097638,-139.0609798888889,18,0.0
Neutral,TNSR,198.35476400000002,7.629029384615385,26,46.15384615384615
Neutral,TRUMP,20121.153242,59.706686178041544,337,50.14836795252226
Neutral,TST,3535.1932920000004,36.073400938775514,98,90.81632653061224
Neutral,UNI,25.506432,2.834048,9,44.44444444444444
Neutral,USTC,73.721649,36.8608245,2,50.0
Neutral,USUAL,697.075108,49.79107914285714,14,42.857142857142854
Neutral,VINE,3845.866111,6.735317182136602,571,32.57443082311734
Neutral,VIRTUAL,33.341692,1.6670846000000001,20,15.0
Neutral,VVV,655.000942,15.232580046511629,43,65.11627906976744
Neutral,W,25.733387999999998,6.4333469999999995,4,100.0
Neutral,WIF,105.858215,6.6161384375,16,31.25
Neutral,WLD,-4049.551922,-22.8788244180791,177,25.423728813559322
Neutral,XRP,37.59189,9.3979725,4,50.0
Neutral,YGG,19.82739,9.913695,2,100.0
Neutral,ZEREBRO,3420.751088,11.364621554817276,301,74.75083056478405
Neutral,ZETA,-13.88379,-1.5426433333333334,9,11.11111111111111
Neutral,ZRO,36172.38052,1446.8952208,25,100.0
Neutral,kBONK,130.04645799999997,0.8968721241379308,145,19.310344827586206
Neutral,kFLOKI,4.08395,4.08395,1,100.0
Neutral,kNEIRO,-2.840308,-2.840308,1,0.0
Neutral,kPEPE,-152.164238,-0.9510264875000001,160,2.5
Neutral,kSHIB,0.5267,0.5267,1,100.0
